84,84,73,100,43,98,92,43,42,61,59,72,52,97,42,59,31,100,65,43,74,61,94,34,34,70,39,84,21,30,60,22,73,28,50,92,26,70,81,74,79,85,89,56,56,54,68,51,80,65,68,50,54,61,62,67,55,96,71,96,92,70,45,75,33,23,20,58,99,31,97,46,60,88,48,99,97,82,28,24,53,23,61,29,63,42,92,72,58,78,68,32,22,24,99,22,28,42,100,66,67,75,25,64,77,25,65,45,98,78,82,84,24,96,77,90,48,25,27,55,49,35,31,80,26,92,29,57,34,86,26,61,99,60,66,43,21,81,96,72,95,84,47,55,95,31,63,83,73,86,39,91,25,21,56,26,31,47,65,68,28,94,81,79,62,43,44,69,91,45,36,62,35,48,62,62,100,56,43,100,38,99,44,58,82,33,76,74,41,83,33,44,61,20,46,20,24,60,23,42,80,45,66,53,78,86,28,39,61,33,54,37,31,77,58,55,63,74,50,20,23,33,42,88,35,30,85,34,26,65,42,96,81,70,32,96,75,28,76,67,22,45,30,33,61,46,20,46,28,78,91,32,45,80,84,50,90,49,65,47,47,59,41,93,93,75,66,43,68,45,48,94,73,59,38,34,49,46,42,84,69,32,81,41,68,96,23,46,82,93,32,63,91,61,99,82,51,56,37,97,28,56,100,52,87,74,90,39,57,88,39,46,51,40,52,31,33,61,55,34,91,20,82,97,81,77,34,71,44,28,97,40,67,77,63,52,94,53,98,23,47,35,23,50,77,31,87,94,44,40,51,78,25,37,72,91,88,23,85,64,65,47,34,77,84,59,68,61,86,74,95,38,74,33,49,84,88,89,83,43,54,45,39,58,92,91,34,74,21,25,40,74,39,90,57,66,90,40,82,85,95,29,93,51,78,68,56,92,91,45,32,58,21,84,81,99,64,68,97,62,90,49,26,31,31,61,90,39,35,68,89,75,87,38,88,50,96,59,58,31,61,92,64,63,78,69,97,38,48,75,37,48,72,97,20,93,91,27,58,35,51,83,37,87,20,83,98,35,87,70,32,85,96,99,94,76,68,82,66,82,90,52,26,72,100,32,71,59,41,57,48,22,71,70,75,92,36,69,64,30,53,72,74,80,90,62,41,64,28,44,42,75,50,49,64,50,31,21,40,77,85,78,23,71,89,26,56,63,65,26,49,50,25,88,52,40,89,89,93,57,74,70,52,78,80,83,47,65,85,43,73,23,66,56,64,88,87,44,59,75,21,74,79,21,24,39,42,83,52,98,73,77,82,84,90,60,63,44,21,45,33,97,36,87,86,37,95,39,82,33,42,31,22,78,46,42,96,100,97,41,80,48,77,77,54,35,67,74,81,89,43,87,89,29,38,30,81,22,69,85,56,81,77,22,98,54,90,100,42,70,97,37,89,46,50,96,94,94,39,30,99,88,82,70,66,91,54,63,68,65,60,40,26,44,62,78,95,90,93,63,93,29,41,77,42,97,57,90,46,89,43,47,36,70,73,88,52,25,48,100,36,28,59,57,54,37,86,63,56,67,88,39,88,74,86,77,90,49,69,32,27,27,64,49,81,80,88,24,26,98,53,26,87,65,73,89,55,31,81,94,55,71,52,61,98,69,47,79,52,21,61,28,20,25,96,38,75,95,39,35,72,56,43,52,81,82,44,74,99,66,82,22,30,53,80,64,52,50,98,97,39,80,24,52,77,49,39,23,39,82,68,40,32,74,29,59,49,64,79,37,40,62,72,73,51,39,63,73,56,76,49,70,80,83,75,25,51,53,33,39,20,31,100,26,20,77,23,80,54,81,44,87,47,27,53,50,56,70,83,95,26,88,73,82,33,76,79,95,63,71,37,30,90,43,61,73,69,54,72,97,55,90,29,24,48,53,47,91,51,76,39,27,25,42,72,50,47,34,33,33,25,58,35,29,69,82,76,96,88,27,84,54,26,82,55,72,80,42,54,65,86,50,32,70,20,80,35,71,44,31,25,61,91,25,34,20,27,40,89,20,69,80,40,26,84,80,25,25,24,98,75,95,80,76,84,62,74,35,50,45,79,63,91,42,49,99,27,55,42,69,78,58,80,52,39,70,32,96,90,56,79,30,36,43,78,38,56,56,74,91,59,83,41,89,50,91,97,71,33,88,74,23,70,85,80,88,29,35,20,36,55,28,94,37,38,62,35,97,29,53,77,31,44,47,63,42,21,56,75,44,76,62,21,70,99,59,37,50,69,47
34,45,77,88,29,49,81,96,38,40,51,96,56,36,56,69,61,54,64,20,96,34,44,75,64,28,44,39,87,90,40,56,94,96,24,77,67,33,95,38,66,68,75,39,40,99,60,80,38,53,60,98,42,98,100,53,79,28,79,26,73,65,61,90,24,48,72,82,83,90,80,43,49,36,71,68,35,28,62,48,38,58,73,54,27,71,75,64,53,54,77,38,90,75,51,100,30,91,38,60,37,29,40,96,32,69,38,28,57,57,41,38,22,20,81,23,93,42,41,42,23,88,73,70,69,94,40,70,65,74,45,38,69,56,77,43,89,51,40,57,84,28,69,66,49,58,37,27,58,91,100,41,35,100,93,39,94,98,62,70,92,89,81,90,84,41,41,68,41,50,96,28,86,38,85,95,56,22,99,58,50,46,20,70,41,28,90,20,83,85,43,76,33,65,98,68,45,56,49,68,65,32,65,81,85,67,41,20,85,33,79,28,36,22,43,69,55,48,92,69,99,70,69,33,87,53,78,52,49,80,43,70,59,82,36,88,67,79,48,24,21,60,32,23,82,87,33,23,63,28,91,73,89,37,75,54,54,69,91,60,85,24,22,98,35,20,41,92,20,32,59,28,88,98,48,81,23,24,34,77,88,22,46,59,44,55,21,26,72,78,45,54,21,81,39,45,85,42,60,29,33,60,43,41,50,50,27,47,86,90,80,76,57,81,35,34,99,44,68,57,89,98,49,36,81,21,68,84,50,83,94,44,80,48,37,45,73,43,66,92,97,87,53,80,54,44,32,24,54,64,28,25,20,93,20,98,52,61,64,62,73,65,62,57,78,27,93,62,53,85,27,48,95,83,28,38,68,73,56,72,83,77,23,23,35,30,70,85,86,74,73,55,87,52,24,82,51,80,80,98,91,41,97,37,95,66,63,75,61,91,50,85,71,70,51,64,82,75,53,56,49,49,36,65,67,92,37,22,63,74,92,82,95,32,83,35,72,55,82,43,54,68,83,79,80,87,44,66,49,57,75,45,22,92,95,87,42,80,56,51,83,55,91,75,49,43,78,50,59,37,50,63,21,28,87,63,91,71,95,34,33,64,42,31,40,42,97,29,22,100,59,20,25,38,68,50,68,60,75,94,38,81,65,93,64,92,68,97,59,23,75,88,50,71,52,43,39,39,92,82,42,39,53,77,44,30,53,42,65,56,90,66,68,71,79,72,75,77,41,88,66,61,87,43,21,69,50,30,97,67,77,86,59,27,86,64,74,29,86,90,47,53,22,99,89,73,43,47,71,85,30,57,54,73,95,98,21,76,21,36,74,32,47,52,40,21,87,32,61,31,64,87,45,44,89,63,34,25,36,83,24,94,74,47,70,88,88,72,62,72,76,91,43,91,83,53,98,32,55,44,96,38,26,44,54,87,77,55,82,31,44,95,29,72,53,32,63,90,21,74,31,47,92,66,59,47,59,59,75,87,39,79,92,40,54,97,80,64,46,63,86,41,20,74,87,46,49,37,49,51,45,79,77,67,70,56,50,58,54,30,25,25,63,67,100,43,71,27,41,54,33,52,36,45,61,88,61,27,54,57,100,43,39,55,76,79,96,50,90,57,46,93,78,96,21,79,25,40,50,80,33,26,89,98,62,72,26,62,95,29,96,31,58,77,35,62,50,99,23,55,61,73,77,46,77,38,93,57,100,84,28,28,48,73,95,56,45,71,51,68,97,96,50,46,63,97,28,95,59,78,58,48,71,65,51,92,33,83,28,66,31,27,48,49,34,54,29,72,62,78,30,85,48,78,65,25,42,46,100,83,77,23,100,58,66,56,77,87,98,35,26,77,89,95,65,40,44,43,41,80,97,39,81,25,32,42,96,68,50,45,21,38,34,62,26,79,68,30,47,100,70,100,24,40,36,40,73,52,44,73,26,58,20,46,78,45,41,41,35,68,65,92,42,97,78,94,89,29,59,77,26,62,42,65,45,67,20,26,89,43,70,27,50,34,60,49,40,31,71,89,59,61,32,28,69,66,47,96,48,43,42,37,58,66,48,61,54,88,57,99,79,59,64,39,85,92,34,40,81,100,68,52,71,77,31,64,84,31,60,50,53,22,41,89,89,49,86,67,42,99,66,40,98,52,62,53,46,45,93,28,35,81,55,98,93,55,64,77,64,55,97,53,51,48,30,93,56,63,73,40,78,82,91,45,38,84,92,62,79,53,96,50,75,55,29,94,77,59,26,37,90,47,56,47,33,29,66,35,99,60
88,90,55,28,37,38,56,40,88,61,23,60,57,82,74,47,81,56,51,92,93,39,55,63,77,68,45,55,77,58,45,63,60,33,31,87,37,95,67,74,88,74,62,28,78,61,81,39,47,62,46,87,46,42,92,40,38,98,93,89,35,63,78,20,41,43,31,43,30,37,64,96,39,96,100,47,52,80,76,50,44,64,91,62,83,79,93,21,92,55,86,95,85,31,77,59,67,71,40,96,38,74,60,26,76,38,70,48,64,84,71,43,66,52,86,22,79,29,33,91,23,75,68,69,38,42,93,20,37,32,57,27,74,90,57,50,38,95,28,66,76,80,32,83,93,47,27,66,91,71,38,83,90,44,88,75,23,52,46,85,24,49,55,67,54,99,92,62,50,92,21,44,91,66,20,29,39,45,24,26,41,46,67,96,92,25,64,47,99,40,44,40,66,50,38,75,25,46,100,64,59,46,40,78,37,89,26,24,75,21,87,25,35,33,94,50,80,37,65,31,89,69,65,58,50,98,38,38,65,90,21,28,52,97,59,85,64,88,62,40,46,67,60,65,39,54,75,51,87,24,50,81,25,66,29,22,53,42,67,61,79,89,30,56,51,67,28,57,51,22,86,36,56,75,59,51,25,100,48,20,82,62,89,46,77,58,34,66,81,91,55,81,75,67,43,52,41,65,77,70,49,76,72,43,80,99,79,36,77,94,22,63,83,63,93,83,45,88,80,54,72,30,41,66,24,47,63,34,92,30,65,44,83,56,64,57,73,58,58,51,28,45,47,58,85,79,35,47,59,59,97,30,72,68,85,92,47,80,25,80,64,68,64,85,59,92,38,20,54,90,31,22,90,84,28,45,64,30,59,82,59,33,41,90,46,47,78,40,55,80,42,32,62,77,27,89,37,41,69,86,80,41,77,63,29,83,34,64,90,94,34,63,84,31,66,47,53,45,80,64,74,75,36,32,86,82,66,66,21,63,60,75,99,52,73,23,81,39,33,89,67,73,97,35,72,90,24,90,56,31,62,35,35,63,91,73,81,61,85,27,64,70,98,72,40,76,81,76,84,81,53,84,93,20,49,51,51,76,36,89,71,36,73,87,87,91,70,96,85,28,36,58,56,80,85,54,51,44,84,79,47,26,42,84,78,42,89,29,75,83,23,59,76,36,100,92,33,68,66,92,64,69,85,22,58,98,34,65,52,45,39,40,95,43,45,62,71,89,30,65,90,77,95,96,59,80,75,25,59,71,39,62,52,83,98,49,20,42,55,93,88,70,56,96,41,92,41,98,31,86,73,59,53,39,80,93,51,70,44,69,30,73,23,79,56,89,41,53,71,43,54,73,82,50,98,76,61,99,81,62,20,98,97,75,93,40,83,92,20,37,43,98,74,27,66,94,54,70,36,38,75,41,23,41,33,46,24,32,64,45,46,76,32,35,58,32,28,70,77,89,76,45,64,94,41,73,29,39,39,78,95,63,23,30,77,56,60,32,87,43,86,48,87,97,96,100,92,24,92,25,67,53,94,46,82,30,27,52,26,28,24,61,71,72,26,54,54,89,90,83,26,88,83,39,81,39,57,58,25,51,52,89,63,94,68,90,77,86,31,40,74,46,34,61,96,91,25,65,96,43,58,60,77,88,84,78,51,51,51,85,31,86,43,46,90,96,49,50,53,51,67,65,85,79,25,45,22,28,28,35,75,30,83,62,50,49,33,39,48,96,90,68,27,98,80,81,26,22,33,90,77,93,75,45,20,31,64,83,56,62,88,27,67,50,83,36,100,77,57,29,76,89,37,79,73,20,76,93,61,27,36,57,73,31,56,64,63,23,25,50,70,90,29,85,77,87,89,71,72,68,92,40,39,89,53,28,99,56,30,95,33,68,61,54,77,74,75,73,66,46,70,68,41,91,100,43,25,46,44,34,50,59,50,69,55,42,22,69,35,65,88,38,52,25,39,67,73,70,51,53,39,35,70,28,32,100,69,79,100,39,98,20,59,83,21,82,20,68,27,20,78,20,40,63,100,26,78,85,61,96,81,22,30,74,25,61,69,85,43,96,64,99,76,64,38,73,74,32,36,35,89,75,83,41,60,62,82,72,37,45,73,45,100,41,83,58,61,21,25,39,32,33,88,72,23,69,97,57,81,59,48,82,45,60,79,48,44,23,56,63,98,54,40,27,50,88,22,32,44,63,50,67,85,69,84,90,71,50,59,23,37,46,44,21,84,32,34,78,100,85,57,92,91,77,41,90,32,81,28,31
69,93,97,63,31,60,59,80,66,30,33,44,66,60,70,95,41,80,31,20,65,82,40,90,94,44,32,90,76,59,78,69,96,39,75,37,95,69,98,99,32,53,26,80,78,30,20,87,92,50,52,24,34,40,87,93,67,22,97,27,90,49,84,34,52,88,72,46,53,30,33,68,94,53,77,73,54,38,59,98,63,52,50,33,69,39,90,56,91,24,76,81,47,43,41,95,80,90,90,87,22,79,76,85,24,98,87,20,69,47,34,26,57,89,58,87,44,32,36,37,80,22,96,22,63,83,92,57,65,36,23,91,64,93,35,51,29,88,29,25,44,83,32,86,82,53,94,28,84,71,84,94,94,100,82,88,54,61,76,53,33,71,69,31,27,27,28,89,60,62,44,53,40,95,74,27,83,90,92,46,84,25,85,21,64,100,70,30,67,90,32,29,36,78,86,75,30,21,36,95,61,31,23,44,86,76,53,42,42,80,61,93,59,77,26,24,56,72,91,92,50,94,64,98,34,89,42,89,20,69,100,26,61,40,93,24,23,32,31,48,78,78,88,69,46,71,66,49,22,36,95,91,21,27,80,27,76,22,99,95,28,58,32,67,64,46,94,45,64,54,53,30,33,93,93,75,33,25,42,93,46,66,87,76,42,97,79,23,75,96,97,44,58,36,98,50,51,58,69,27,72,21,21,34,81,50,56,32,47,49,31,54,52,41,90,42,44,86,70,39,77,63,71,40,40,64,88,95,21,22,31,93,83,56,57,54,92,41,100,65,81,98,85,67,63,45,73,51,50,51,82,97,88,59,59,35,49,80,37,43,68,89,65,53,64,21,23,22,67,89,94,45,100,31,32,70,26,92,55,67,100,86,38,21,20,80,91,32,63,25,78,73,62,41,31,99,38,54,23,89,80,61,89,49,77,83,87,71,36,51,90,32,33,99,96,36,83,79,49,60,67,90,100,79,25,84,28,25,23,52,66,45,83,86,34,62,20,65,85,74,23,47,98,50,66,62,26,93,59,78,92,63,26,82,92,99,30,92,90,50,22,86,90,84,55,41,29,26,46,50,89,77,81,70,71,20,64,70,43,26,62,27,59,87,86,59,97,95,38,78,75,45,53,100,40,92,92,31,31,38,70,52,29,74,53,82,57,43,20,29,69,38,21,79,78,58,41,38,84,77,97,91,86,32,87,38,76,46,91,94,40,62,22,45,83,48,96,24,91,53,57,58,88,82,42,65,83,55,74,48,47,99,89,96,81,50,91,91,91,33,88,83,21,93,27,99,68,59,70,89,41,94,79,54,39,87,85,80,25,35,88,68,66,81,25,44,24,24,31,57,52,62,91,26,98,86,50,33,85,69,29,30,65,20,80,32,69,38,26,63,26,52,20,40,94,75,74,97,52,88,75,43,76,23,31,41,29,22,55,71,65,36,34,35,30,39,96,65,44,69,73,65,97,77,94,31,29,49,47,90,78,36,73,66,34,92,63,78,36,98,93,42,69,90,100,53,97,38,30,91,90,78,93,96,77,60,66,79,42,52,23,33,44,70,61,60,54,86,30,60,30,25,40,26,86,37,44,51,59,46,90,45,70,24,47,69,94,66,81,50,32,82,36,41,54,73,66,34,93,61,29,85,32,55,99,58,24,95,69,43,34,100,36,85,20,79,39,23,91,30,49,74,79,97,94,67,69,79,40,59,30,23,84,23,93,82,99,25,71,64,72,86,31,72,85,28,52,64,65,22,54,66,44,80,72,32,93,59,51,44,92,51,93,67,60,30,40,52,56,47,73,91,48,30,38,31,34,53,44,44,59,28,60,87,43,58,73,68,71,49,83,56,36,26,69,85,59,96,49,67,66,83,61,86,27,87,57,51,24,69,95,74,22,37,51,52,34,87,25,51,82,29,30,29,50,70,78,84,62,83,39,21,59,39,74,74,91,87,80,38,64,55,92,51,99,30,88,31,64,71,37,56,75,80,51,78,99,44,38,64,81,75,34,26,69,76,54,40,49,93,38,45,86,62,54,27,52,80,62,51,71,100,93,73,52,32,42,49,54,25,22,88,28,95,35,36,25,60,56,76,36,83,79,24,69,74,46,45,47,37,55,100,23,84,22,38,49,29,52,48,97,77,86,24,41,22,34,64,45,99,32,57,43,45,100,39,76,36,42,42,99,59,40,21,76,100,29,97,72,60,57,88,29,66,70,61,52,27,28,93,67,42,92,90,78,76,71,56,71,60,63,78,22,83,92,65,37,36,60,31
65,73,69,83,34,93,20,35,81,48,29,42,73,73,67,66,83,100,58,74,72,73,21,80,89,36,51,36,48,74,65,83,45,40,91,25,77,42,67,53,41,64,24,66,27,88,77,100,40,34,54,43,52,83,48,32,74,94,37,88,99,59,97,41,40,36,87,37,80,44,38,33,69,48,39,51,50,90,53,51,70,41,92,41,44,32,57,53,93,74,65,82,64,48,83,43,89,90,54,27,38,36,89,98,66,70,96,47,73,80,23,51,39,71,39,60,91,20,65,36,92,94,20,59,49,88,98,54,83,79,46,60,46,54,20,67,64,93,47,51,36,82,76,86,34,67,66,60,24,67,29,90,60,40,91,93,21,36,41,47,22,96,55,96,37,52,24,21,45,97,70,67,72,74,20,34,74,85,33,36,88,31,69,55,98,51,72,59,79,42,69,87,31,87,80,75,29,29,60,65,69,58,44,57,39,63,20,51,64,91,93,52,37,40,93,22,47,67,56,96,31,77,91,45,89,31,83,85,20,42,51,60,66,38,33,57,100,92,48,22,68,78,53,99,74,44,73,51,77,80,76,75,33,73,32,71,36,46,63,53,48,86,52,42,30,92,87,38,20,64,53,78,50,57,25,59,23,48,91,79,56,69,66,38,55,43,48,55,58,56,90,87,77,27,34,99,82,51,32,90,92,24,61,45,80,81,37,90,94,63,53,70,21,27,97,28,87,57,30,56,48,48,55,85,48,66,44,27,26,70,32,46,67,45,38,55,38,33,73,37,92,81,80,46,25,48,52,88,21,54,41,37,42,77,69,67,22,27,59,32,76,60,58,32,91,72,31,29,48,64,77,63,26,95,42,91,29,50,32,54,91,54,22,52,39,60,32,98,33,92,56,99,41,80,58,83,53,71,40,35,57,92,85,58,99,64,73,53,93,76,63,51,26,97,37,38,71,58,83,59,42,49,94,45,75,71,79,32,40,73,72,58,46,34,28,69,23,57,29,35,34,94,66,54,40,88,58,68,77,65,61,62,74,45,51,24,48,51,34,20,57,87,37,35,93,80,86,35,29,92,29,90,89,82,75,89,42,37,60,61,20,60,53,57,53,94,65,90,82,58,86,34,78,58,98,50,25,87,37,31,37,68,98,59,33,84,23,81,46,66,51,49,48,87,64,70,81,44,26,78,86,96,86,39,52,55,87,82,84,68,21,25,37,22,70,36,31,60,28,53,89,23,66,75,87,55,53,67,86,41,57,99,42,82,24,23,40,54,74,30,71,35,65,41,98,42,65,99,29,42,48,33,30,91,49,99,22,73,68,85,68,73,26,89,40,35,36,80,37,48,96,72,46,80,67,41,47,88,86,22,83,90,48,45,55,84,40,55,48,70,86,70,65,78,54,84,49,42,32,38,76,27,62,81,88,85,43,55,47,63,22,99,56,50,60,78,58,38,37,57,93,57,47,53,58,98,56,53,38,100,42,22,37,46,34,58,53,78,80,64,75,24,25,67,80,87,43,97,59,56,77,75,58,90,52,24,34,54,68,39,53,27,78,76,46,36,95,89,82,100,35,21,94,37,93,59,22,79,46,85,77,23,87,100,29,83,55,84,61,96,66,82,58,95,47,71,66,60,66,67,52,24,66,49,41,57,21,25,73,47,23,61,75,23,31,73,67,94,93,91,71,86,73,89,53,94,80,20,89,44,87,55,21,31,78,91,32,99,71,49,45,49,23,94,58,27,42,29,33,38,59,87,76,70,58,92,80,48,46,48,38,77,67,68,29,85,67,22,56,50,72,30,41,62,90,55,97,58,76,32,57,56,69,87,60,77,46,96,77,28,71,28,80,77,65,47,55,41,28,54,88,69,74,86,69,93,48,34,28,66,27,99,53,60,91,96,34,86,94,27,61,77,93,74,76,79,45,53,45,70,37,53,42,35,44,100,35,65,99,36,86,54,47,99,53,24,59,68,59,73,81,87,43,78,38,83,20,100,30,27,35,67,51,22,68,44,60,22,84,92,26,77,27,93,28,58,73,93,58,55,29,29,99,63,94,33,34,70,45,81,43,78,49,85,20,87,74,51,77,39,77,63,50,49,95,82,76,70,50,65,38,67,99,38,52,57,70,96,93,94,33,96,97,31,26,91,43,70,40,42,80,52,43,58,88,50,32,64,90,78,57,94,32,30,29,51,97,69,42,26,38,64,27,20,84,79,73,44,23,83,96,35,54,35,55,67,44,51,36,89,31,48,30,74,27,23,29,58,78,84
56,78,45,37,44,71,81,87,66,82,22,71,25,50,94,72,77,37,42,95,27,68,38,60,54,60,24,37,43,33,80,27,55,35,66,71,96,87,43,44,58,47,33,47,43,80,64,65,45,38,25,90,83,55,86,21,85,66,29,93,23,29,80,96,62,48,26,35,49,41,31,27,39,20,33,44,29,43,60,50,92,73,61,27,34,78,94,57,59,56,32,91,28,38,34,70,50,79,60,56,47,36,51,25,73,26,90,56,94,49,35,59,81,39,66,94,53,66,84,28,60,24,64,83,22,90,97,66,80,38,75,76,28,75,96,46,61,42,31,39,37,82,88,51,20,29,29,58,49,43,75,79,75,58,71,39,80,72,31,90,45,76,93,94,85,94,89,44,41,20,54,27,73,82,71,39,34,74,89,37,84,73,62,31,68,34,41,38,46,86,40,47,67,42,85,98,20,87,34,49,28,38,81,38,84,64,84,41,91,57,44,94,50,58,96,84,41,93,28,27,90,99,78,94,75,100,25,32,33,65,28,67,98,97,69,63,77,64,21,25,81,58,94,45,83,70,48,61,96,91,65,80,72,54,96,63,57,86,48,100,71,83,87,27,76,94,40,50,67,55,30,59,31,71,28,52,23,72,63,58,81,21,41,98,82,76,83,37,66,54,28,63,49,67,87,88,64,95,99,43,85,21,85,73,95,39,66,66,25,37,69,46,56,77,40,57,93,60,99,74,52,73,82,49,34,79,76,69,95,22,96,92,78,72,47,66,50,70,35,66,56,65,96,41,29,21,56,55,43,25,29,85,37,22,46,94,45,92,95,68,43,76,45,70,99,65,78,27,38,50,41,55,20,83,25,37,84,73,75,82,31,22,39,34,60,89,27,68,30,86,34,84,30,95,46,28,48,54,22,50,53,49,85,94,73,92,90,32,41,27,86,41,96,64,41,47,67,32,82,99,53,50,54,82,24,100,53,60,77,33,67,31,24,33,96,25,51,23,80,52,34,64,31,33,53,84,96,71,63,96,63,70,59,57,64,59,68,56,77,46,79,70,54,48,29,57,23,51,53,53,88,54,61,90,63,98,24,53,53,92,82,55,73,22,99,32,85,82,43,50,90,41,23,79,59,57,37,55,51,65,69,81,86,72,86,44,53,62,79,30,20,100,79,44,66,35,43,34,27,55,71,93,87,84,66,52,68,79,95,47,90,32,98,62,43,20,73,67,94,44,25,58,57,26,77,27,73,72,76,37,66,53,83,53,86,63,20,85,57,32,84,91,99,29,39,48,31,69,40,60,81,65,71,100,23,41,44,97,50,76,51,21,29,51,81,26,50,45,59,36,38,42,55,33,22,59,60,40,70,100,50,37,55,20,48,81,31,69,35,99,95,45,41,46,90,53,45,46,94,25,69,95,77,75,33,42,39,45,41,90,82,26,48,69,60,73,91,32,79,98,56,50,98,50,37,62,66,76,50,63,28,20,51,82,92,67,83,85,71,84,44,91,97,91,99,25,94,49,34,33,49,63,42,90,84,95,81,87,82,62,53,29,32,47,75,72,84,83,84,73,21,88,86,24,22,46,37,22,53,64,23,95,41,50,44,68,58,40,59,67,34,34,79,87,77,96,95,76,20,82,59,57,28,86,20,37,35,48,42,80,60,76,35,21,72,39,26,86,78,57,59,49,75,25,73,38,56,22,30,93,23,81,71,82,82,30,32,33,22,45,86,23,37,90,38,82,91,87,35,92,43,48,92,39,80,73,37,65,20,52,48,75,57,38,83,39,99,78,96,76,62,67,70,30,22,59,100,90,20,23,21,58,91,61,97,26,96,23,88,21,72,57,85,42,40,68,49,94,50,61,27,38,62,26,32,81,99,20,62,43,98,37,57,80,76,73,33,24,74,90,26,67,33,85,55,45,32,61,44,57,24,83,53,67,62,22,64,77,51,78,51,82,38,98,20,63,47,89,95,49,62,71,62,36,40,31,89,43,79,48,64,29,97,47,65,100,79,32,34,48,86,99,64,87,52,22,58,21,44,76,95,82,73,78,100,55,74,67,55,87,51,52,38,40,27,98,38,43,30,23,53,30,80,22,35,40,40,27,28,74,73,77,46,92,32,60,36,58,36,68,82,76,67,32,49,77,42,57,78,66,52,77,56,38,83,88,91,33,40,20,32,48,76,84,22,43,53,43,51,34,42,27,41,29,25,71,42,88,21,61,23,27,79,50,100,83,98,33,46,76,89,60,31,74,64,52,20,23,24,31
59,43,59,20,36,64,53,80,95,30,25,58,26,71,97,22,42,94,23,25,64,36,40,79,40,20,29,73,43,96,56,69,71,54,92,30,35,79,94,35,41,36,32,86,100,55,37,35,93,83,45,90,74,51,98,23,72,57,35,60,60,33,91,30,95,81,56,95,77,98,34,54,53,49,80,60,90,47,99,63,44,86,78,69,32,27,44,31,82,85,96,50,93,71,28,26,86,93,36,21,37,65,41,98,88,53,55,73,84,93,40,98,85,51,94,37,70,93,62,72,77,28,90,73,23,39,62,69,66,73,39,56,66,85,86,99,73,32,60,86,73,21,100,94,28,97,40,91,76,47,31,75,27,95,53,38,91,43,23,27,25,71,90,35,47,99,83,77,79,47,68,68,66,53,40,45,75,100,54,68,45,35,65,22,45,46,38,73,91,96,97,31,48,81,32,64,92,66,84,45,76,74,39,72,47,58,38,46,55,93,49,22,41,77,28,66,68,25,24,52,89,70,80,45,34,88,73,63,26,80,31,47,59,53,33,84,89,60,64,97,37,28,63,40,47,76,90,92,67,86,23,34,87,64,28,84,64,70,50,44,52,78,45,29,44,50,29,97,33,45,93,61,64,53,97,28,98,30,94,73,43,88,84,24,93,29,32,95,64,29,33,45,66,61,50,43,40,90,75,84,64,93,60,79,25,78,52,34,92,58,94,41,61,91,93,33,100,24,81,48,51,36,67,94,56,74,39,70,24,92,57,97,85,65,61,69,64,92,38,46,56,62,69,99,36,28,38,41,53,94,73,69,89,41,64,32,55,64,20,58,66,54,87,35,69,62,84,81,66,40,94,83,82,45,86,90,52,47,78,35,25,89,40,45,93,35,49,54,78,31,81,74,68,78,62,65,78,68,89,51,84,76,72,53,99,91,95,30,93,74,63,68,41,31,30,45,97,92,38,64,77,63,92,84,96,70,66,46,34,32,37,40,89,70,21,30,43,84,69,56,36,55,25,68,45,90,87,23,43,36,41,82,55,30,92,73,88,76,35,57,68,27,51,43,54,59,64,25,70,35,51,47,90,88,80,86,82,97,54,23,73,32,88,22,51,41,23,34,70,58,88,88,28,68,72,55,80,56,94,64,53,60,91,55,61,96,69,21,79,91,32,68,57,37,78,80,61,86,31,39,97,28,51,42,34,24,32,60,21,47,85,81,100,51,71,20,31,59,71,51,36,40,56,93,21,77,45,82,21,75,42,55,75,38,90,59,32,72,49,30,67,35,35,46,66,22,32,71,80,30,48,88,88,99,56,77,90,56,66,89,97,59,73,69,61,58,82,86,68,80,67,50,45,93,58,52,48,83,41,99,79,43,21,70,62,86,70,22,80,72,52,25,85,22,66,83,88,30,88,46,53,81,41,79,73,20,33,27,32,94,29,51,59,72,38,92,86,33,90,89,31,26,69,76,49,97,100,64,97,53,63,51,21,76,45,54,60,74,92,31,77,97,58,84,82,21,26,27,42,54,100,61,97,50,78,63,72,77,88,78,78,71,89,41,23,100,52,22,37,69,33,86,27,21,24,28,53,28,44,48,73,65,87,47,25,41,76,48,37,53,52,90,43,35,56,56,43,66,66,94,45,53,27,99,65,36,79,96,67,89,28,67,30,27,94,79,76,44,33,92,61,33,47,46,67,48,72,28,93,26,38,40,69,47,24,38,61,58,58,35,88,64,27,52,40,66,57,39,36,28,73,34,94,59,84,35,31,92,29,69,76,30,30,79,25,57,20,62,51,78,37,66,69,20,49,84,57,87,44,22,66,24,80,60,79,89,68,40,89,84,75,22,61,99,92,65,58,60,94,43,94,33,27,66,42,89,77,51,22,69,52,87,34,99,69,85,57,97,54,63,36,86,58,33,84,67,26,38,35,78,44,34,21,100,41,39,80,90,34,72,45,44,53,99,34,23,38,84,76,33,60,39,93,22,44,46,84,54,57,52,96,69,64,40,81,69,100,79,46,22,23,66,72,82,47,100,65,88,42,44,35,21,85,95,82,90,94,91,23,37,87,72,31,70,82,35,64,70,91,65,64,73,80,63,77,83,64,81,49,85,92,93,64,26,20,37,44,22,90,51,35,51,53,35,71,66,24,21,65,46,34,88,54,42,98,89,23,88,61,24,85,20,64,34,22,43,21,90,79,58,26,95,65,22,45,79,78,32,88,77,81,87,81,78,70,66,55,66,75,68,25,36,55,80,30,99,94,59,32,44
78,71,70,51,27,63,84,44,47,86,78,76,71,68,36,30,53,95,99,49,80,26,38,53,40,45,88,48,20,40,69,96,86,64,71,36,61,56,23,79,43,88,63,77,54,22,39,59,22,76,21,83,70,65,52,74,95,88,28,38,100,43,69,75,26,61,45,58,84,23,64,36,88,87,47,57,47,38,29,21,63,99,35,59,35,69,55,41,71,58,96,66,74,76,62,71,66,100,94,56,89,81,87,40,22,36,72,49,90,92,21,87,81,68,61,89,36,41,62,24,83,98,21,33,25,50,47,35,67,98,29,48,97,97,23,66,41,78,21,24,38,89,67,38,88,95,74,75,32,82,88,63,53,25,39,42,100,49,59,63,91,50,38,100,32,74,27,32,21,94,59,54,52,68,77,44,29,33,70,91,32,71,69,56,42,99,25,33,48,89,85,31,49,76,69,26,88,73,20,82,74,42,87,54,37,40,82,94,53,99,99,67,36,66,47,38,78,85,32,94,65,40,89,37,59,39,60,47,33,72,98,25,23,38,80,31,97,62,21,68,94,44,69,93,92,54,34,30,47,47,35,24,21,25,96,46,96,45,21,20,75,83,49,73,72,67,95,52,34,30,35,88,38,44,50,92,75,89,94,56,39,28,23,22,20,79,53,62,65,30,30,67,48,90,29,100,92,79,46,54,77,33,45,81,88,81,89,86,56,69,83,90,41,94,65,42,56,79,43,49,41,41,58,21,43,87,25,76,44,59,42,65,43,94,23,59,97,66,56,99,99,89,49,90,82,43,68,86,67,64,36,63,33,24,37,59,68,71,62,85,73,35,62,73,34,72,97,45,98,25,61,70,72,78,85,91,27,83,60,33,68,98,34,34,66,74,32,55,86,86,69,49,99,38,70,87,26,100,89,39,28,61,49,100,62,48,21,65,90,26,57,70,40,46,72,30,37,81,85,46,68,66,43,35,53,23,79,45,93,23,24,95,48,24,20,82,100,73,38,98,24,42,66,78,69,22,40,73,55,67,86,30,62,72,67,32,35,41,44,70,93,29,24,66,64,34,42,91,53,38,84,62,42,43,55,52,94,44,97,73,89,55,25,43,81,55,82,41,35,55,77,56,54,90,66,30,46,80,67,98,69,97,41,53,92,23,79,23,38,29,99,34,93,65,95,78,98,73,56,98,71,84,65,56,34,83,43,26,76,25,91,24,55,60,94,88,88,77,63,94,59,31,83,53,76,75,86,24,100,35,49,76,38,53,85,99,36,88,94,44,69,97,92,48,73,95,71,55,72,64,45,21,31,90,58,91,49,75,75,85,71,36,48,43,46,97,73,71,22,90,93,89,94,21,98,55,78,44,47,59,36,67,39,63,55,34,33,68,97,27,34,20,43,64,40,75,54,49,49,36,27,91,83,35,35,82,55,64,21,47,89,78,66,31,84,61,29,34,58,23,39,91,89,88,28,80,53,29,92,62,47,34,27,24,69,99,75,56,41,21,95,80,98,32,37,30,99,99,60,28,82,76,26,48,48,39,51,29,41,21,86,45,85,63,28,31,74,56,67,95,94,67,90,50,72,28,30,61,30,37,43,52,69,22,77,53,66,84,49,95,26,69,45,69,44,64,48,31,90,56,41,47,64,66,48,82,86,99,56,47,49,72,20,79,30,28,87,47,50,84,72,28,31,43,73,85,40,42,67,27,74,26,91,58,31,37,33,47,59,48,38,77,57,27,63,80,49,72,27,86,63,99,100,60,69,95,75,57,59,95,30,48,84,46,57,25,93,50,42,40,24,84,45,27,24,51,100,42,90,70,98,54,93,100,22,98,90,54,21,21,52,91,43,88,94,47,79,39,47,71,70,48,33,29,55,76,74,36,39,66,29,29,54,76,98,97,75,48,48,27,35,48,37,95,95,50,27,28,59,24,51,82,72,92,93,43,47,53,43,32,34,61,54,92,85,99,85,33,21,67,72,55,93,77,40,70,57,28,91,66,21,38,36,44,71,38,52,34,34,100,65,24,87,30,94,87,58,84,67,59,45,41,54,74,53,61,72,72,30,59,94,43,23,43,65,73,52,92,65,76,42,83,28,80,25,91,60,22,87,40,94,78,57,36,35,64,39,50,50,43,68,96,36,66,59,76,75,45,59,43,30,51,39,43,23,58,69,76,100,89,90,28,20,54,63,25,93,65,39,99,70,79,24,71,24,31,78,34,29,33,34,46,62,91,58,29,44,60,100,34,70,82,21,74,68,59,80,55,42,98
31,52,83,92,45,80,55,33,45,29,76,60,64,82,76,74,92,58,60,43,55,32,58,86,41,97,57,45,31,25,53,56,82,36,26,89,68,31,79,73,30,42,41,96,69,59,59,29,43,51,86,61,86,83,79,100,59,46,23,86,54,91,94,47,39,100,85,90,27,64,21,80,48,30,51,55,85,42,53,22,79,75,79,97,41,63,82,90,77,38,91,87,69,80,62,25,67,82,93,100,91,67,93,72,21,26,30,57,21,80,92,94,97,58,98,54,95,92,42,51,100,89,60,66,37,89,43,69,51,29,99,25,27,51,74,80,80,67,99,74,44,49,40,54,30,67,27,73,92,23,77,53,53,56,49,91,36,65,28,87,55,75,48,45,88,92,96,84,82,41,25,54,32,93,51,71,81,75,84,82,67,20,99,21,86,43,87,91,47,85,45,46,33,62,83,31,25,71,98,94,29,98,90,64,70,69,56,92,76,85,28,58,24,73,80,49,47,89,50,38,74,75,22,54,91,83,82,24,44,74,76,68,56,27,92,72,39,83,51,27,20,20,93,69,81,79,56,49,72,35,24,47,24,63,42,40,21,99,23,25,39,98,48,42,96,93,56,62,72,88,88,91,69,30,40,91,21,49,43,44,59,51,23,20,58,36,27,91,28,53,80,89,58,32,48,81,88,74,54,34,53,81,48,87,74,60,59,35,89,28,38,93,96,38,85,53,64,30,38,62,44,53,20,96,97,26,75,84,71,85,56,83,32,33,20,55,43,99,32,48,85,35,56,20,94,26,23,37,37,46,72,38,87,71,54,80,61,53,81,38,97,21,65,76,33,47,89,90,57,62,61,60,57,67,36,80,68,45,42,97,46,21,78,85,60,93,87,88,35,33,43,67,56,50,36,92,23,77,96,95,55,26,100,83,78,74,25,99,75,78,34,48,69,25,84,20,29,94,90,70,74,55,73,90,35,55,56,87,51,28,36,58,89,44,92,21,92,38,96,94,87,85,46,82,55,57,38,28,66,25,94,55,26,70,65,38,49,20,80,45,27,54,64,35,67,94,32,27,74,42,99,75,85,69,39,51,83,38,90,72,21,93,87,46,34,33,79,64,100,78,85,24,45,86,62,54,96,89,87,27,100,89,33,56,87,54,91,86,56,98,54,92,79,100,65,82,97,34,27,58,78,75,87,97,63,98,62,72,21,92,81,37,91,31,40,80,67,59,44,70,52,95,37,60,93,21,38,60,87,87,91,29,95,39,35,62,89,77,41,44,60,45,20,85,25,22,85,71,48,71,64,52,92,41,47,40,85,99,54,98,74,94,81,59,69,95,45,32,43,23,91,28,65,77,70,50,35,71,33,67,88,60,37,62,55,85,92,71,71,40,62,54,41,62,40,97,53,33,97,55,57,36,54,85,60,32,42,89,91,70,24,100,28,34,67,63,96,53,40,43,97,65,30,47,88,81,51,90,69,78,39,79,52,70,32,69,80,71,41,74,57,45,65,31,91,24,41,70,46,97,53,76,81,79,72,86,52,40,92,36,21,88,24,86,49,27,40,80,79,76,91,39,44,88,22,87,97,57,35,40,69,97,33,73,85,98,73,32,42,98,71,41,50,43,81,81,66,28,33,31,90,88,26,39,95,53,71,33,72,32,67,83,49,33,29,32,91,95,88,60,48,31,58,86,34,54,27,81,88,74,36,23,52,85,54,21,30,36,67,60,97,54,35,41,32,79,29,80,70,92,63,61,25,63,53,81,36,28,82,37,69,37,20,28,90,62,33,31,70,23,21,88,78,43,34,37,67,76,75,52,29,79,32,56,74,87,62,22,29,28,53,30,34,63,75,21,46,21,50,79,45,39,74,55,92,36,79,54,71,62,72,86,43,42,91,25,54,65,80,98,61,48,72,24,76,97,78,79,43,57,94,71,69,69,99,87,70,87,28,42,70,26,85,59,80,79,37,74,25,36,100,55,85,92,38,48,55,68,94,67,39,91,85,33,24,40,44,100,33,95,59,76,68,58,47,90,53,43,24,32,35,48,37,79,46,39,31,41,40,95,88,69,80,99,25,59,86,75,60,67,72,45,51,20,38,83,65,60,43,33,21,53,70,93,61,29,52,66,53,81,76,83,39,56,31,93,76,58,85,69,87,32,72,76,80,74,96,32,40,68,94,42,20,32,25,21,56,68,94,69,68,67,55,50,81,68,80,83,62,42,81,72,49,44,94,52,95,48,97,91,62,41,34,91,64,44,65,65,44,77
83,26,43,69,38,85,98,53,84,91,50,70,82,23,22,32,26,89,29,55,79,97,68,49,68,59,37,28,40,73,78,53,73,59,73,47,35,58,62,64,82,41,44,24,94,75,23,20,21,71,26,88,31,73,81,92,68,32,40,38,46,88,65,99,97,22,97,97,44,48,52,57,56,99,50,89,89,24,27,58,21,65,76,82,36,50,56,80,91,79,32,72,28,32,95,22,59,23,64,72,92,92,72,64,43,64,82,64,89,56,26,98,84,82,32,70,80,22,23,98,82,76,24,28,23,41,50,31,57,69,76,92,31,100,56,98,57,93,58,56,34,88,41,36,84,29,55,29,87,60,70,70,78,27,58,53,68,46,44,57,67,75,62,66,76,55,42,42,31,26,33,85,79,54,24,29,47,61,36,35,61,59,41,36,71,84,32,27,86,83,39,98,46,78,77,70,66,20,70,23,81,54,57,74,69,84,20,42,75,71,53,43,34,43,68,55,33,43,23,69,58,50,33,99,31,20,89,86,93,42,98,81,57,50,21,54,75,58,33,84,42,57,78,99,60,39,23,61,44,48,89,67,86,98,38,64,49,41,69,30,77,80,36,59,66,75,45,68,79,49,96,25,60,70,20,97,27,61,90,62,66,22,70,89,50,34,80,85,29,60,97,58,29,86,31,88,23,65,40,44,69,88,39,99,73,53,100,47,72,47,45,99,31,80,36,59,69,86,76,28,91,83,42,70,51,36,32,92,51,76,64,43,27,87,76,64,30,75,93,24,37,76,64,43,48,41,54,25,35,25,48,43,31,78,37,35,81,21,88,73,46,56,73,45,71,21,27,57,49,42,70,96,98,96,36,36,67,46,86,49,49,52,77,78,49,78,61,25,38,68,90,71,86,80,58,98,92,51,49,77,90,64,54,75,72,72,46,46,54,51,22,77,73,45,39,26,73,45,96,83,48,77,78,84,76,71,20,61,33,65,83,58,33,40,81,20,32,21,95,24,31,98,97,42,52,78,96,67,53,53,94,42,31,100,20,57,54,72,42,86,45,38,31,72,46,53,97,88,20,21,62,51,90,44,54,69,95,40,75,43,54,93,47,72,47,79,53,46,98,59,88,52,80,42,97,39,91,49,27,59,75,25,40,25,57,33,29,95,61,45,35,82,76,21,98,31,96,76,86,59,83,27,30,53,73,42,49,81,81,39,44,97,53,99,72,70,21,62,49,46,23,72,82,74,22,48,28,55,38,21,65,71,86,59,24,29,37,37,70,81,31,55,69,73,58,30,84,35,88,29,37,64,43,68,65,32,38,45,71,25,67,96,63,62,72,64,39,32,56,29,35,79,88,58,90,38,25,78,80,60,28,94,21,60,49,93,52,70,83,68,81,44,50,51,83,96,60,51,70,82,75,55,77,29,57,34,81,30,56,52,38,65,71,83,42,43,77,52,43,93,98,50,27,50,100,69,48,63,37,65,96,20,57,68,99,77,90,69,24,34,88,79,59,75,73,61,38,54,54,88,88,85,95,34,63,95,52,57,37,95,87,44,25,69,91,54,52,74,71,27,28,71,77,33,63,27,99,70,84,70,60,84,34,24,91,88,81,63,97,58,85,34,93,37,91,26,26,38,66,92,71,70,21,30,30,50,76,57,26,27,61,88,34,86,83,59,66,62,73,43,95,99,41,87,36,24,67,66,25,58,43,94,46,29,31,94,58,75,66,58,41,100,95,43,67,36,23,67,54,52,79,22,71,53,90,93,84,69,60,72,89,67,84,74,20,73,72,62,85,49,62,41,98,53,78,92,34,44,47,34,78,63,49,94,87,97,76,96,92,32,96,34,66,83,34,87,39,36,77,46,62,83,80,77,30,74,80,94,34,58,30,46,96,95,42,34,40,100,62,88,91,79,38,20,85,94,51,83,45,81,82,82,43,86,59,59,21,29,35,31,53,44,72,21,54,57,44,67,55,33,27,41,89,86,23,80,57,75,74,84,90,83,78,42,93,59,36,72,46,36,58,83,60,40,32,80,39,39,45,81,72,28,86,81,27,65,35,73,48,20,40,25,78,99,41,44,77,68,88,93,82,83,57,35,26,34,44,27,73,79,96,57,95,84,65,51,23,91,65,99,43,20,52,47,49,66,59,76,86,27,29,94,64,40,53,100,39,72,60,75,98,43,56,45,53,28,36,46,88,50,46,40,57,81,91,54,23,63,64,83,32,98,55,47,79,56,72,43,87,49,29,89,59,97,94,36,57,21,65,31
44,20,68,65,76,72,77,71,70,89,61,37,92,98,60,100,52,49,98,70,65,89,75,51,81,84,48,36,67,41,91,31,81,86,86,57,63,67,52,35,31,80,33,85,52,44,79,30,39,68,79,43,75,22,59,85,37,57,79,59,70,50,27,57,64,47,96,58,66,24,35,57,82,40,46,27,94,70,52,32,53,25,37,23,49,100,43,49,20,39,88,66,20,26,33,84,95,100,20,87,69,59,28,47,74,23,46,26,85,47,68,39,29,58,93,40,93,29,99,99,48,50,44,90,27,39,39,47,59,64,64,81,68,92,41,54,40,78,41,70,78,86,38,55,96,27,55,95,47,28,43,66,93,42,63,70,21,72,29,57,59,37,66,40,92,73,32,33,74,69,100,25,64,22,53,51,55,53,26,49,74,76,85,62,45,61,69,27,80,99,95,48,32,68,73,57,40,83,25,46,80,59,80,92,52,46,30,71,33,67,73,92,94,97,69,35,23,71,49,91,30,72,47,90,73,51,58,89,78,99,40,99,87,82,35,23,44,43,47,56,57,95,41,60,68,53,34,48,24,46,80,56,39,74,100,95,52,27,83,66,77,34,56,62,98,76,55,40,32,22,88,57,54,98,59,34,92,28,94,46,100,56,69,43,71,75,96,79,77,84,52,36,66,62,73,98,54,93,44,40,83,32,64,34,39,45,38,52,34,48,20,66,33,65,93,24,36,100,31,38,37,68,37,66,49,57,65,99,97,22,96,26,87,91,36,87,57,77,44,82,45,30,65,88,81,61,24,78,32,39,34,34,49,55,28,94,38,60,34,93,69,29,37,96,85,99,96,27,90,76,45,97,50,54,98,41,48,59,75,85,21,48,91,74,88,31,91,55,75,93,22,55,20,23,31,91,78,31,74,86,46,56,58,79,33,94,70,31,33,91,88,79,73,31,63,59,39,44,85,88,54,39,95,76,42,92,47,98,100,39,44,81,77,37,89,99,30,27,56,63,65,83,100,35,48,91,57,35,79,78,65,65,63,88,40,75,56,55,24,32,64,30,59,56,62,50,75,22,57,82,77,39,90,78,70,34,57,96,90,48,58,31,59,89,30,71,57,32,88,62,46,40,35,62,55,42,80,89,91,70,27,46,99,75,78,38,47,70,63,88,90,88,95,89,96,47,56,85,60,35,98,35,89,22,31,37,32,46,34,90,91,52,93,61,52,93,53,40,68,88,78,69,56,73,96,57,47,31,76,91,47,88,69,92,92,74,63,55,58,63,35,68,88,36,28,23,35,59,52,74,21,46,24,66,72,44,40,44,29,88,73,86,70,40,80,20,57,32,93,33,31,34,50,95,21,35,83,31,54,75,63,93,50,59,87,55,24,21,85,24,94,64,98,84,46,42,95,82,47,67,95,62,99,74,83,48,76,42,61,26,31,35,81,100,62,28,94,89,53,27,45,31,60,64,77,62,91,86,97,84,76,97,85,76,96,45,91,92,65,51,71,41,54,71,36,78,66,24,55,61,25,34,25,93,25,63,81,68,34,70,47,51,61,88,33,48,88,35,24,67,26,61,66,31,50,56,80,92,77,63,82,84,46,44,64,57,82,81,81,35,22,31,24,37,48,80,39,60,92,59,74,30,84,59,63,80,55,100,45,75,52,96,42,99,95,52,40,47,42,58,44,50,37,77,51,47,61,48,42,29,22,46,97,87,28,62,60,93,64,30,65,22,21,20,49,79,58,53,42,72,36,69,48,81,35,83,53,27,37,97,92,20,88,81,86,99,100,69,93,26,54,29,83,37,27,79,35,20,75,75,41,23,93,51,57,91,21,63,85,84,23,64,72,77,86,33,47,73,39,59,29,44,68,70,96,45,92,78,94,77,70,50,47,39,85,68,76,89,52,37,82,71,73,34,89,83,62,60,75,24,95,65,86,34,87,28,69,59,72,21,57,40,63,81,52,52,50,91,70,80,80,78,95,73,90,30,42,25,41,39,50,45,70,21,71,79,82,55,56,90,46,99,28,23,67,23,51,93,52,43,35,52,42,89,73,50,72,55,91,43,54,29,51,34,28,77,74,75,23,30,88,65,57,45,24,35,43,65,45,70,41,20,86,100,35,76,73,53,20,84,33,73,67,65,94,48,35,46,45,62,41,93,45,67,25,78,95,69,56,39,90,28,44,53,48,52,33,37,41,95,68,85,53,24,98,28,81,68,93,28,67,43,25,79,97,78,69,63,49,84,78,21,25,34,66,51,88,44,70,74
27,79,36,32,40,64,99,41,74,48,95,97,58,97,33,32,69,51,60,38,68,72,55,37,67,77,20,36,55,90,95,54,95,76,59,28,70,73,78,90,56,29,81,94,28,85,69,27,62,26,59,99,66,62,80,86,21,37,89,98,31,27,67,78,78,27,48,96,34,44,98,94,87,26,22,80,90,33,79,95,66,61,43,43,85,86,83,32,65,57,82,28,53,60,82,65,75,62,31,73,77,27,37,69,86,21,58,55,82,76,59,36,75,86,56,32,71,83,76,74,23,82,58,28,21,74,37,65,99,74,20,52,72,31,94,91,78,76,27,58,76,89,64,33,26,24,57,93,82,80,65,31,59,92,97,36,76,41,57,77,79,24,88,93,21,66,90,53,32,70,36,38,22,99,63,55,33,32,64,32,22,79,58,37,86,76,88,83,65,92,58,72,62,28,72,99,71,44,21,93,28,100,89,86,91,35,86,41,46,46,72,84,81,49,50,70,41,72,99,33,45,93,60,66,54,38,71,94,23,76,56,71,47,37,85,57,61,100,48,54,26,66,93,34,20,51,75,22,27,93,31,30,38,45,60,76,67,62,49,75,24,32,54,26,96,85,28,70,86,95,80,89,88,74,23,75,59,71,93,85,44,38,41,58,89,63,34,32,26,77,37,71,51,67,87,84,32,99,26,38,89,72,88,81,71,83,68,31,23,42,72,93,80,86,70,93,33,24,35,32,76,51,56,20,37,61,75,79,61,67,63,50,87,65,55,58,89,37,27,65,90,41,25,34,54,92,87,35,22,42,51,44,50,94,71,38,89,29,62,75,59,65,78,35,32,35,47,36,84,60,96,48,93,43,47,68,58,42,66,25,42,47,40,43,87,44,26,41,49,55,87,68,64,62,67,33,60,96,32,74,49,75,91,94,65,49,92,83,81,36,57,39,26,20,97,46,26,57,57,68,31,74,79,47,49,70,68,31,41,23,75,42,67,43,56,92,95,71,100,56,94,94,99,86,64,50,87,66,82,27,95,40,95,41,72,57,34,80,99,59,75,46,39,98,78,47,63,53,72,55,59,47,82,45,23,39,96,40,87,93,28,89,67,24,20,67,23,77,69,73,53,45,37,97,44,57,25,58,89,85,49,41,75,55,65,60,49,65,71,48,91,73,87,55,98,92,54,50,20,93,41,66,30,26,87,51,81,30,51,92,43,72,100,60,63,20,28,58,72,86,29,55,72,29,57,33,64,35,89,73,59,95,68,49,81,26,53,87,92,71,20,47,32,63,61,59,81,69,25,67,43,29,37,37,74,85,80,40,69,20,31,65,89,98,46,68,54,83,42,73,27,52,99,43,35,88,68,97,96,96,43,21,61,32,35,46,63,97,49,46,76,27,21,22,79,80,71,51,62,54,47,63,30,53,75,40,77,37,32,71,22,55,87,61,69,98,90,56,43,56,76,34,21,37,85,80,99,41,90,87,46,75,64,53,41,22,39,57,39,41,91,86,49,59,38,57,55,68,46,81,43,62,22,71,47,62,83,78,40,63,92,67,63,84,32,100,67,44,84,54,23,80,20,62,76,66,38,26,30,59,82,46,80,88,94,39,95,22,71,51,28,82,41,72,79,59,75,62,44,71,75,47,53,93,93,41,60,43,50,48,53,46,51,54,41,31,76,100,28,86,83,54,42,91,49,26,95,34,52,35,99,56,84,77,96,89,44,50,55,32,71,52,93,52,62,45,36,65,80,45,35,21,78,93,62,29,44,78,74,74,71,86,91,39,65,55,52,41,78,45,93,79,82,72,34,27,70,50,32,93,38,63,96,24,80,50,21,91,33,81,87,43,48,94,70,23,70,40,84,75,69,45,55,36,96,84,29,98,21,94,67,27,39,50,96,93,55,29,37,29,76,46,63,50,48,40,53,55,55,31,80,80,61,67,54,90,22,68,86,89,94,92,80,59,52,50,21,90,27,78,85,20,41,43,47,25,94,41,29,96,88,70,94,95,80,21,57,62,93,49,72,26,35,21,94,27,58,27,64,22,88,55,84,65,77,61,53,80,99,65,79,73,62,33,87,49,88,86,66,62,66,40,78,95,21,56,25,100,84,30,71,40,42,38,73,56,31,28,61,73,46,99,24,64,81,32,71,82,71,93,71,76,98,40,46,92,44,82,33,63,27,38,67,94,49,59,87,90,61,58,81,49,49,97,59,36,62,59,68,52,67,97,43,72,29,55,45,41,27,79,63,53,69,100,29,87,57,65,95,71
22,74,30,68,53,49,67,58,86,72,51,84,82,51,100,98,53,91,55,61,45,71,62,70,60,23,82,69,69,53,56,90,33,40,53,78,81,21,46,84,67,70,91,67,53,61,40,77,99,21,37,97,69,47,30,94,52,37,72,97,39,51,61,75,73,51,56,88,71,25,43,39,43,80,68,92,87,68,68,35,69,35,80,90,81,76,47,38,79,52,49,30,63,82,90,85,87,91,33,96,21,76,26,35,65,69,88,31,65,74,75,62,27,92,74,82,40,35,94,55,91,53,51,69,53,49,41,69,67,35,37,98,97,25,22,31,59,100,33,59,96,69,48,88,62,38,23,97,46,92,71,39,93,64,82,100,21,67,55,48,60,34,48,63,69,91,53,65,45,30,29,94,85,78,51,65,25,21,33,24,83,53,20,52,77,57,32,95,32,98,46,57,41,99,78,95,45,53,59,78,40,88,22,58,26,44,97,99,98,44,74,89,48,39,100,46,47,56,90,67,79,54,95,64,87,75,51,28,99,79,79,32,95,44,64,31,95,57,95,51,71,59,26,42,48,44,60,48,36,58,55,30,82,70,23,59,35,84,75,70,43,62,70,59,37,73,43,89,29,29,31,55,49,62,97,90,93,45,34,52,27,21,34,68,80,59,20,54,21,43,44,85,83,68,43,59,23,43,48,94,99,43,52,61,20,42,100,28,34,89,74,57,92,86,80,41,32,30,100,32,91,20,22,56,82,88,97,94,44,87,57,75,82,63,29,83,42,30,30,68,64,80,46,74,81,59,85,33,66,84,96,49,60,32,57,94,95,34,40,42,98,48,80,50,52,59,71,21,36,91,70,48,37,67,62,34,58,100,98,32,54,99,82,50,27,91,51,66,38,82,21,29,66,84,96,75,97,73,98,54,32,98,25,83,27,60,99,87,37,28,40,80,26,22,24,30,99,89,95,30,100,55,81,27,33,83,70,63,34,25,23,76,27,97,48,51,48,54,64,49,57,68,50,44,38,38,22,94,32,93,47,29,54,44,20,58,25,33,62,35,27,29,74,45,68,23,62,46,73,34,52,23,62,52,50,25,43,92,56,85,22,95,58,32,81,30,44,82,96,78,85,93,21,31,53,72,36,61,90,68,76,94,31,33,57,54,51,75,86,73,95,59,37,94,47,54,47,26,47,58,61,32,63,76,100,94,24,38,33,70,45,26,74,45,56,99,46,61,69,43,66,90,82,48,87,79,67,70,34,58,23,47,87,66,84,32,37,44,71,89,36,62,35,88,60,46,29,27,21,98,63,33,35,97,60,52,76,94,82,33,22,75,28,45,87,99,53,48,57,54,35,93,97,100,44,96,100,37,64,41,89,63,43,69,77,60,59,25,36,37,55,67,36,89,37,22,30,55,61,23,97,58,60,92,22,49,70,65,78,76,55,76,33,75,57,44,79,36,98,30,83,74,54,43,22,98,95,99,82,93,49,73,58,20,88,44,98,61,95,29,81,28,68,55,64,49,25,86,48,65,90,79,54,30,98,20,91,46,96,61,26,36,39,79,77,22,83,20,55,58,69,58,78,28,93,94,78,44,39,90,67,77,63,66,68,82,71,88,84,98,85,76,32,90,28,49,56,66,39,36,51,56,61,74,66,40,31,80,69,86,38,71,63,28,33,87,40,69,75,24,85,34,96,52,21,22,54,29,93,63,88,55,96,80,44,93,80,64,26,86,97,52,71,82,38,28,90,96,48,98,72,83,79,28,40,83,82,42,85,74,35,35,72,25,23,48,56,20,73,52,95,70,23,61,60,66,22,53,44,33,93,31,99,95,27,36,61,99,89,55,58,81,72,36,40,97,22,95,33,63,78,77,80,24,61,70,33,45,34,83,31,28,73,42,28,84,22,75,23,98,65,45,74,36,21,37,60,65,53,61,26,68,95,23,35,57,77,98,23,52,36,65,46,24,45,73,66,34,35,80,63,62,22,46,44,65,93,65,60,39,22,54,81,99,25,47,56,23,54,21,98,77,45,80,91,28,99,28,92,81,85,32,28,66,22,55,27,79,83,81,49,84,84,42,99,93,94,55,22,24,54,32,79,74,29,83,21,81,62,98,35,98,58,68,22,42,57,41,93,44,98,98,77,34,66,81,59,95,50,87,90,43,24,27,36,80,39,50,78,30,77,68,33,48,94,41,64,75,54,47,94,74,82,81,63,57,35,71,55,34,58,58,33,73,42,82,70,50,83,25,61,74,36,25,78,65,62,78,30,82
22,70,79,59,90,70,30,33,46,55,63,65,28,34,48,71,44,67,94,26,23,24,53,65,34,90,89,57,24,77,67,48,59,42,35,70,62,78,20,44,61,67,93,49,59,21,93,24,66,59,71,58,81,36,49,97,43,29,57,50,70,96,29,72,45,51,94,71,77,32,69,21,85,84,85,72,33,52,28,66,61,69,96,58,23,64,77,78,36,67,27,62,26,57,75,26,39,74,25,26,28,62,58,70,22,73,83,41,30,36,75,32,96,55,60,71,63,90,37,77,74,81,63,88,87,81,95,45,76,57,78,94,35,72,34,50,72,56,74,68,32,43,97,50,55,63,89,42,51,27,51,81,92,74,71,47,22,23,20,52,84,60,90,77,87,95,46,97,33,48,48,62,59,93,55,27,33,80,71,54,48,47,33,90,68,100,57,35,83,100,59,23,32,67,36,34,31,54,34,31,30,80,91,68,46,45,50,34,99,71,95,52,99,68,57,60,66,42,78,33,77,35,53,45,69,27,23,54,80,81,75,87,33,87,73,93,70,95,85,35,72,65,99,59,69,45,28,30,71,86,61,82,38,43,65,59,88,37,62,75,47,43,78,45,90,58,83,45,68,99,49,34,97,70,95,26,38,91,96,56,83,68,74,41,49,52,34,85,47,93,50,55,72,20,99,21,98,87,68,61,28,80,37,53,54,22,68,88,65,92,95,23,56,74,89,73,40,43,50,25,60,76,73,80,97,45,33,97,96,70,67,90,68,64,77,28,92,61,29,89,58,43,34,26,83,20,81,88,94,36,92,41,53,31,30,43,94,64,60,41,88,23,69,79,51,83,35,27,86,44,71,30,29,92,100,62,41,95,85,32,88,35,30,47,20,41,99,87,60,90,69,27,37,44,69,43,47,81,98,95,41,77,49,45,80,100,23,91,40,86,45,30,38,53,34,47,83,79,22,24,66,41,33,94,92,69,65,95,77,97,68,77,93,27,66,88,88,46,89,40,83,41,84,61,47,29,52,28,85,50,42,48,74,35,64,26,90,92,70,58,45,62,63,84,23,60,65,64,28,50,89,77,40,56,32,64,31,50,22,33,55,20,88,46,55,46,64,79,86,41,33,38,82,69,48,93,81,38,63,70,93,90,71,58,22,39,54,92,49,37,74,79,38,54,93,32,83,90,94,41,24,62,69,59,72,48,85,23,80,49,89,86,93,86,99,66,94,87,41,98,97,20,88,83,67,59,62,93,65,69,82,40,45,58,27,24,59,37,89,25,91,65,69,84,59,78,45,46,70,52,82,21,22,59,67,52,88,95,38,56,76,87,86,71,44,62,74,28,74,25,83,68,37,40,22,82,56,73,52,51,87,21,59,34,96,45,27,31,61,36,81,41,21,100,34,50,39,98,97,49,75,39,55,54,30,39,91,28,25,64,24,35,75,41,41,98,60,69,89,80,59,90,93,76,58,74,52,93,88,93,23,72,91,59,43,77,50,54,86,25,25,47,87,72,94,28,92,99,33,25,34,42,39,40,75,36,96,57,45,69,82,80,90,21,87,71,60,95,31,23,62,43,95,59,63,82,77,84,32,60,52,44,23,63,82,61,60,68,56,34,29,88,97,73,76,99,57,38,51,35,48,46,91,25,37,28,80,64,58,92,40,76,45,80,62,28,59,41,31,37,80,87,78,65,86,32,33,71,70,20,36,71,79,92,31,73,99,59,85,75,42,54,43,75,85,65,64,91,87,38,43,31,74,71,32,87,73,34,79,89,81,45,35,67,80,84,22,53,42,61,47,31,67,44,99,79,93,33,40,67,66,60,29,82,31,72,47,45,57,80,32,29,69,80,48,61,92,80,43,89,70,44,37,44,25,90,37,70,50,94,94,38,34,76,99,29,75,100,49,52,46,25,31,82,94,29,21,51,35,80,64,51,69,62,65,88,86,97,59,63,42,31,37,85,77,26,34,20,67,20,89,45,84,93,44,82,66,28,70,63,20,64,80,90,65,88,39,57,84,49,78,41,75,56,57,35,43,31,24,47,59,64,90,53,23,50,76,43,39,82,63,30,34,91,79,77,90,97,40,23,97,77,94,50,43,48,54,88,81,41,32,53,77,72,90,92,81,68,34,69,67,90,75,66,54,92,55,95,76,29,71,99,94,61,62,70,91,61,99,32,80,75,51,86,79,49,76,67,99,38,95,70,73,25,87,66,30,51,25,68,100,58,78,96,98,38,58,27,75,65,62,23,27,95,60,33,80,25,26,23
73,82,52,68,81,29,40,22,24,60,72,21,75,49,24,87,77,82,76,93,72,93,52,49,47,35,35,23,67,57,62,77,70,62,36,89,94,21,77,70,64,40,65,35,40,98,92,89,94,36,58,89,24,73,35,70,27,88,83,73,59,50,33,59,33,69,86,48,70,42,38,93,85,63,26,63,69,94,87,42,55,50,85,54,67,68,50,51,58,39,70,79,65,44,20,71,91,63,54,88,99,42,92,25,47,43,64,97,63,77,98,35,81,52,88,36,95,46,47,78,81,67,69,51,42,95,71,59,99,71,24,98,77,84,64,56,42,33,28,69,63,65,43,41,92,42,56,85,71,65,79,49,71,58,91,51,69,58,70,41,35,38,25,52,39,87,90,89,63,20,27,39,57,71,63,41,59,62,25,81,91,25,73,78,86,95,90,32,30,37,66,26,30,51,24,52,46,23,29,42,83,70,68,62,91,72,57,54,60,85,88,59,76,36,58,39,43,96,27,24,71,29,51,50,34,98,33,45,90,81,21,70,25,73,100,82,92,32,26,34,63,60,55,36,78,73,32,22,60,22,65,46,52,75,65,48,55,43,31,58,35,34,58,80,94,73,88,39,20,57,86,97,81,38,38,70,57,28,76,28,80,66,60,67,32,74,20,41,49,58,71,88,28,92,96,89,44,47,70,85,27,58,69,25,75,69,80,77,42,78,58,88,40,52,49,35,97,59,30,70,86,99,45,37,67,89,30,20,60,93,31,92,66,31,93,75,83,89,67,25,95,31,91,74,56,50,88,72,96,60,75,88,54,62,75,78,100,55,55,72,79,74,98,24,46,36,89,60,89,64,38,73,84,80,64,35,91,89,21,95,80,56,99,99,37,41,75,35,60,87,77,98,46,88,66,32,61,30,42,50,87,94,96,56,28,95,89,24,60,36,63,83,22,20,23,51,90,82,41,94,22,89,26,37,72,27,81,82,21,60,94,21,51,78,38,92,37,43,48,79,92,59,59,30,45,20,90,86,91,33,37,94,99,35,63,49,62,50,54,43,66,53,72,85,99,74,92,62,51,73,85,22,86,94,50,70,43,90,74,97,92,84,44,58,35,38,58,85,27,22,55,89,55,59,50,28,79,55,97,36,42,49,83,32,22,85,48,76,84,53,60,86,21,23,76,43,58,53,66,44,48,66,82,64,27,35,71,67,63,28,72,83,57,77,26,21,65,59,46,79,35,73,66,28,23,55,73,78,83,26,65,87,71,74,21,99,84,90,66,71,72,81,36,91,91,54,87,53,78,44,31,65,55,78,73,69,23,27,33,85,31,29,96,48,61,64,99,61,32,34,62,72,55,42,93,72,83,76,61,50,29,24,99,78,46,59,60,58,82,52,79,80,67,78,41,38,59,70,82,53,38,75,42,42,53,29,91,85,63,77,86,86,71,64,88,62,56,85,61,39,100,92,50,43,90,70,74,68,66,39,38,81,42,92,22,69,52,85,28,60,88,89,40,29,34,58,62,60,27,76,40,50,85,91,62,57,26,40,26,23,42,97,29,75,33,53,67,83,40,60,80,68,96,47,66,27,55,41,29,29,35,98,66,98,56,97,48,100,20,91,80,85,95,30,83,56,58,51,24,66,30,46,39,47,37,21,69,34,77,50,21,99,72,70,77,24,21,95,24,20,70,94,21,88,68,91,92,77,55,28,84,22,29,40,100,51,91,86,82,84,58,23,68,48,94,37,88,82,37,80,22,61,71,76,26,66,66,88,98,43,95,50,40,100,52,21,97,86,22,70,58,75,23,76,98,58,92,21,100,98,98,84,89,89,35,72,63,33,90,50,68,66,30,25,98,34,76,93,76,48,89,54,75,81,71,89,52,99,99,67,51,58,21,66,37,49,35,47,65,67,72,95,27,65,57,70,74,21,31,36,71,59,25,40,88,75,61,86,57,62,50,80,44,38,26,94,40,33,35,60,48,80,37,83,70,32,23,76,79,22,92,28,93,40,40,65,59,92,86,82,84,20,50,51,100,98,61,99,54,22,84,83,62,92,86,71,87,21,22,59,85,30,57,24,45,73,46,65,59,69,48,79,72,36,39,36,48,53,68,21,91,69,73,90,74,78,26,78,97,72,96,82,73,92,61,43,37,57,55,59,20,57,78,90,83,42,51,57,44,21,54,100,56,65,25,83,63,38,23,80,87,99,36,72,64,51,61,99,68,23,34,24,68,24,78,79,40,83,59,39,47,40,71,28,25,40,46,86,29,37
53,100,94,93,76,51,95,62,22,77,81,93,24,94,38,26,27,24,26,23,75,32,45,93,86,32,79,85,26,23,96,76,46,53,77,97,34,76,54,37,62,74,39,74,69,56,82,39,44,84,41,59,86,35,71,29,85,99,91,28,99,28,76,92,98,23,66,32,48,42,55,75,54,23,28,78,55,77,82,97,43,24,98,44,60,66,91,86,61,72,69,79,90,46,95,95,29,82,56,43,87,21,67,57,79,77,30,87,22,63,31,26,77,48,25,52,94,85,26,35,34,36,90,99,74,83,48,38,32,52,77,33,100,52,20,22,80,93,25,68,46,98,25,29,44,92,38,97,40,65,55,25,73,99,97,35,45,95,73,73,22,84,92,80,61,69,47,88,88,49,83,61,56,60,91,33,55,94,76,86,67,52,65,63,84,52,78,97,67,75,85,29,77,30,28,33,96,83,91,65,57,42,60,34,79,77,62,95,65,36,56,42,67,87,88,34,21,99,53,59,80,85,57,56,56,67,59,89,87,63,100,49,44,45,95,30,25,49,27,79,43,99,70,66,90,87,92,24,58,34,46,21,52,95,98,37,87,100,88,48,91,86,38,31,65,60,21,25,99,52,73,29,33,86,54,49,84,69,84,80,23,93,43,38,20,96,60,54,52,99,35,48,39,99,45,65,64,55,44,86,96,88,31,77,47,59,29,100,57,29,43,30,44,57,57,31,68,93,77,66,36,64,24,57,98,75,77,64,90,38,45,51,67,30,94,57,62,31,50,88,92,48,43,57,40,88,74,76,72,79,74,54,97,70,81,86,89,71,99,84,77,38,44,63,96,86,96,96,47,58,35,92,69,93,96,97,45,26,39,48,95,43,81,71,88,96,40,80,64,79,64,35,56,98,23,75,71,97,25,28,59,91,36,88,56,87,20,85,82,33,69,49,96,47,36,100,63,37,90,68,50,66,94,82,52,67,26,80,87,50,84,46,61,62,74,84,55,98,94,48,71,36,40,42,48,100,22,53,97,69,92,29,43,88,38,27,70,49,91,58,41,54,77,30,47,53,35,21,76,50,46,53,92,39,33,80,44,39,90,32,28,98,28,78,36,30,37,84,40,44,89,70,42,40,77,90,78,91,62,53,42,77,76,48,24,31,38,93,65,69,61,75,70,78,28,47,56,27,61,52,31,70,91,95,73,35,41,69,42,96,87,55,44,77,20,63,41,46,41,47,52,54,43,71,26,49,25,99,38,40,68,60,39,22,27,90,80,26,59,71,59,100,54,40,25,68,32,34,76,60,70,98,28,73,66,82,93,69,67,35,84,21,20,81,21,97,32,68,83,69,90,54,38,50,37,42,38,61,32,30,25,61,20,65,24,36,97,80,53,96,26,43,99,39,20,58,20,44,32,71,71,20,65,64,45,86,50,58,75,81,99,73,75,86,29,72,73,26,34,33,95,71,28,73,47,62,31,49,81,53,58,76,94,86,77,73,81,70,54,86,61,89,47,92,85,50,67,92,40,69,24,37,56,25,65,33,54,43,83,80,60,67,91,82,38,46,97,72,80,100,76,36,75,76,28,50,29,25,41,34,63,73,82,24,33,79,44,66,59,32,97,97,23,29,68,23,100,98,32,80,78,25,43,78,72,54,91,44,83,64,64,22,68,75,39,50,74,54,65,24,92,59,23,87,20,98,25,97,27,53,73,38,39,73,63,99,77,34,71,56,72,83,95,59,92,22,55,55,85,95,40,44,79,75,64,52,100,35,62,83,36,94,47,60,68,30,93,42,87,70,90,89,38,56,48,68,75,81,82,33,25,25,48,71,97,33,83,89,21,27,21,60,89,61,77,55,57,59,40,37,84,93,41,89,36,67,51,53,21,88,77,86,43,36,34,80,73,95,76,28,75,77,27,78,96,67,86,83,20,23,48,87,45,95,33,72,93,44,58,28,73,90,45,92,46,77,100,46,76,98,90,79,66,81,59,27,86,87,98,32,71,32,76,32,54,82,28,31,65,27,61,27,57,91,53,46,25,28,54,68,73,30,30,91,49,35,73,95,59,33,48,44,52,62,55,54,67,67,74,79,100,58,39,86,28,61,38,57,85,80,66,60,99,35,37,46,51,34,38,28,87,40,51,72,44,23,56,40,92,88,35,23,84,21,73,98,21,91,68,49,54,34,87,50,88,69,98,85,71,32,45,29,26,37,49,45,63,82,59,45,28,21,73,80,55,76,81,100,63,85,99,39,77,86,75,28,81,25,32,21
89,39,35,93,79,73,24,45,85,46,68,93,49,28,82,23,60,58,22,68,88,90,45,52,95,98,64,23,97,81,74,75,74,92,22,40,83,49,24,76,54,56,43,69,45,65,36,100,32,48,25,57,48,59,60,58,32,49,73,95,47,97,35,93,56,42,64,22,32,78,84,54,97,69,29,94,70,76,29,70,98,84,94,24,68,67,71,30,28,54,20,37,47,96,44,57,42,72,70,30,100,23,23,79,65,70,87,27,31,91,85,91,88,79,85,46,35,52,59,59,84,51,23,29,25,23,47,99,26,65,52,34,62,30,76,49,67,51,57,39,71,75,50,21,80,75,86,83,23,66,78,21,98,90,79,96,93,24,77,57,31,59,37,54,85,93,95,35,61,58,45,28,32,85,43,70,20,26,73,44,37,35,35,42,59,40,51,41,91,68,58,40,80,72,71,62,80,73,67,20,89,65,74,56,25,83,34,50,20,93,38,62,34,93,83,56,85,51,96,83,25,69,27,45,65,70,83,68,100,66,52,26,37,74,34,45,74,22,43,73,54,71,33,90,99,29,90,33,64,47,86,30,96,95,70,38,36,70,69,75,49,76,92,100,29,40,20,67,93,20,79,57,48,31,49,72,29,65,46,77,27,92,59,43,48,60,43,47,44,38,70,22,47,53,37,91,39,93,63,20,21,89,45,92,25,60,59,99,52,40,70,74,50,62,34,96,87,64,27,69,68,44,45,28,88,79,87,49,73,42,36,29,100,59,68,70,47,95,55,44,53,49,26,71,78,42,37,77,47,74,78,61,48,98,35,90,99,42,97,62,91,72,35,49,33,67,42,23,73,45,90,28,75,75,73,98,56,57,94,64,42,70,85,91,100,59,41,50,35,86,87,22,95,80,78,45,90,89,31,75,39,64,56,67,42,54,87,87,84,91,57,34,100,54,81,76,70,50,54,49,78,50,38,60,89,36,80,95,100,87,62,52,33,78,22,49,74,83,64,23,38,76,89,93,94,97,26,21,61,76,63,35,23,60,60,94,31,65,39,73,66,60,84,67,86,70,40,24,93,64,89,36,70,92,56,81,62,61,46,97,35,38,87,27,51,44,93,43,95,23,39,41,84,90,70,97,45,74,40,65,80,55,63,40,27,48,41,57,81,21,80,53,55,23,72,61,54,70,82,65,63,67,57,55,87,41,76,49,70,77,87,68,29,41,86,30,61,79,72,35,74,41,91,75,99,47,72,69,34,70,79,27,35,54,44,81,82,72,75,81,92,92,53,51,96,73,35,50,46,75,43,89,29,41,90,96,74,71,36,61,83,26,25,50,71,100,44,95,52,98,98,86,71,60,46,46,88,65,35,76,75,35,88,81,67,95,80,51,67,92,65,72,39,75,76,54,71,22,31,59,53,45,97,68,88,35,76,45,47,99,91,62,48,76,21,44,80,39,22,40,63,97,53,54,21,31,35,26,94,20,67,48,53,26,33,74,88,56,95,90,28,83,93,76,97,73,41,88,34,84,39,88,97,51,38,59,81,32,91,86,95,94,47,89,53,70,31,78,42,56,68,47,47,79,96,68,100,43,49,75,63,29,29,68,37,75,54,89,73,74,69,86,82,95,55,59,67,44,27,67,53,82,92,74,93,92,59,69,62,27,34,99,27,73,72,76,69,33,35,24,65,78,50,63,57,87,71,75,37,36,77,48,29,84,20,51,66,89,56,74,95,29,52,88,53,82,74,27,22,45,88,56,22,62,82,82,30,40,70,36,91,47,62,76,95,75,65,32,82,29,94,83,20,25,100,20,61,92,80,64,43,51,93,93,29,74,76,70,66,36,98,39,43,50,61,28,90,20,88,22,61,54,64,29,67,83,99,99,62,95,72,88,98,44,38,51,92,63,86,75,80,79,73,72,73,52,36,48,79,76,80,50,52,90,50,40,53,34,86,52,70,46,30,81,47,29,65,36,80,64,87,99,83,30,87,69,52,54,47,47,21,27,87,31,44,26,81,77,96,29,59,85,60,91,29,87,38,100,80,78,79,83,53,36,87,90,47,74,24,90,65,87,76,59,64,26,37,53,81,89,79,98,93,76,76,85,38,67,20,58,26,96,74,25,78,32,39,82,30,34,86,96,91,76,85,48,93,90,54,85,79,55,52,22,26,80,93,74,54,81,87,84,81,86,40,56,49,39,88,94,39,98,81,99,35,37,56,97,63,44,53,91,64,39,78,84,22,36,96,68,75,31,53,63,99,62,43,57,66,76
49,42,82,75,46,92,32,39,50,74,58,46,50,25,37,80,53,70,79,28,33,98,32,60,55,92,49,68,82,25,23,23,79,73,84,89,92,50,46,25,22,63,89,41,31,74,53,71,23,37,62,93,81,73,35,90,97,56,50,60,26,33,51,36,33,90,27,85,77,20,29,64,21,65,62,98,33,37,65,79,66,95,82,47,41,56,80,92,32,77,96,48,68,55,29,63,83,64,65,76,45,73,58,96,78,83,84,81,39,21,22,38,82,71,49,63,59,90,58,88,71,82,68,49,35,59,66,65,37,52,78,42,89,34,57,49,82,24,74,85,87,45,32,44,66,94,50,54,77,46,47,67,76,89,29,42,25,67,46,89,41,40,43,68,77,74,87,81,58,22,94,51,85,94,64,55,43,92,69,96,87,24,78,62,29,57,75,72,88,68,94,84,87,36,44,89,67,85,62,69,85,25,46,99,80,69,92,32,94,26,25,60,98,70,71,82,83,67,85,86,46,54,38,26,53,49,21,32,58,56,82,41,84,60,43,26,69,61,20,83,87,65,46,96,48,98,80,37,66,40,20,67,68,64,80,72,58,91,47,38,49,55,30,75,56,66,48,81,50,56,56,99,40,79,54,52,89,61,37,34,21,88,86,27,28,84,61,57,89,89,29,93,62,20,84,21,81,28,30,81,52,30,20,77,66,44,47,77,75,33,43,81,90,72,92,68,76,39,34,52,47,56,73,72,34,65,58,35,73,78,96,64,71,56,44,44,55,56,90,96,88,52,94,85,62,95,73,67,46,99,27,87,42,96,89,95,44,39,60,35,53,57,20,86,21,44,65,70,96,74,61,96,46,37,51,45,97,70,21,26,54,46,94,86,67,70,35,48,95,24,21,31,40,59,64,44,23,27,37,33,82,40,32,68,53,31,43,69,21,77,25,89,36,89,84,58,48,70,59,78,82,50,65,56,99,84,32,78,32,40,99,88,31,51,82,67,71,44,88,43,65,81,41,84,41,59,78,92,73,29,97,80,26,41,20,93,81,74,66,49,70,86,88,82,49,81,70,97,98,72,27,74,40,75,72,61,49,44,51,80,95,44,62,69,55,67,92,87,70,92,32,59,94,40,37,94,64,71,100,34,90,23,42,95,93,81,88,55,73,54,73,91,61,94,87,82,28,23,20,51,58,78,35,84,73,89,35,97,95,99,55,43,36,66,57,39,54,85,65,61,72,28,63,72,26,57,89,69,35,30,29,47,76,37,55,76,90,43,60,37,39,28,46,83,78,22,88,96,53,53,24,55,99,99,56,76,32,95,64,31,100,61,85,29,73,39,22,49,57,50,40,74,91,36,31,94,83,44,83,35,32,78,53,47,72,70,62,81,79,31,86,21,68,49,20,91,25,83,54,46,100,74,82,81,66,59,47,22,52,63,52,46,23,69,60,40,53,42,99,71,50,29,85,70,62,81,77,66,43,53,78,56,86,50,100,69,26,75,74,58,26,99,78,55,70,81,30,69,56,94,97,72,20,40,88,78,67,64,80,77,39,22,88,21,78,98,52,87,97,78,70,82,69,35,84,65,96,99,69,87,77,80,44,27,21,75,64,82,39,23,59,32,82,58,31,82,64,48,68,22,34,39,93,63,38,44,51,39,57,75,69,98,90,39,83,100,96,80,30,36,68,20,97,56,85,44,21,23,72,84,49,96,90,22,68,34,88,28,76,84,72,87,92,43,22,71,54,96,20,34,31,30,40,81,41,92,43,60,79,91,62,90,88,87,22,100,39,32,79,38,69,21,69,25,23,96,68,34,25,70,31,91,94,43,76,44,58,33,62,99,90,31,26,92,85,23,58,57,38,39,33,60,49,93,67,75,94,30,37,89,68,94,90,48,64,85,51,76,97,57,91,99,63,82,84,65,36,45,93,90,53,67,49,20,63,57,33,87,90,83,50,93,21,30,24,72,62,50,20,86,66,80,62,92,66,33,20,100,59,81,43,94,75,55,71,62,99,43,30,88,71,39,99,82,75,40,80,61,100,40,74,50,47,78,88,49,86,73,97,56,33,98,89,24,85,45,68,91,77,85,42,99,89,58,72,67,92,77,67,49,82,39,87,38,44,59,56,50,69,39,53,91,46,71,71,40,98,31,87,63,64,47,35,94,97,67,99,96,53,96,84,69,49,94,30,79,88,92,32,97,83,83,49,37,21,25,82,74,76,37,86,39,82,53,62,73,61,52,26,87,50,99,22,100,41,56,23,42,60,63
31,38,51,47,67,22,51,75,48,70,53,25,50,97,47,80,44,73,31,64,72,21,39,48,52,70,28,46,73,64,54,38,53,36,34,32,40,92,36,38,33,77,96,80,28,83,38,42,71,24,45,95,26,34,21,21,91,51,78,33,40,25,71,96,46,82,76,23,58,68,34,46,56,90,49,94,70,25,22,63,29,26,94,65,79,48,55,20,30,41,26,86,93,90,49,51,76,21,37,58,64,95,73,28,90,40,77,48,82,52,40,86,60,40,84,58,99,93,33,28,59,95,90,65,53,91,92,88,70,54,89,40,90,99,91,72,47,95,50,51,48,29,33,42,83,32,22,93,55,47,42,95,52,41,43,26,72,72,86,91,99,20,54,70,35,92,39,77,76,72,83,32,29,95,99,39,73,30,48,81,52,79,51,69,98,55,26,64,92,81,34,89,89,47,82,69,76,84,99,91,100,55,60,58,87,24,63,70,42,48,40,78,54,23,74,37,56,91,43,40,35,58,53,80,90,70,33,75,72,60,100,38,21,74,34,98,47,74,59,54,87,81,31,60,43,75,54,33,70,56,68,75,54,22,63,86,20,47,20,44,80,82,95,70,87,66,63,59,75,86,56,26,26,34,99,64,78,47,33,64,83,76,44,46,63,20,76,55,39,27,70,69,96,38,59,21,99,87,43,46,90,54,72,43,43,66,86,82,36,64,67,88,81,47,99,89,24,46,99,95,70,89,86,31,24,27,88,43,52,71,33,90,43,22,54,59,47,86,24,58,37,27,92,89,75,21,79,99,37,98,89,40,36,95,27,54,44,78,86,64,50,20,72,29,24,58,31,30,92,95,24,28,38,64,69,90,71,87,98,86,60,60,60,32,51,53,62,45,81,38,70,60,92,48,79,97,88,52,64,83,54,100,69,65,51,24,100,53,83,70,90,79,48,57,87,28,66,29,81,49,46,82,62,51,68,62,56,93,57,94,34,48,65,74,78,45,74,67,79,56,28,25,25,40,30,76,68,55,64,64,70,76,45,46,96,35,71,87,46,46,49,44,23,80,83,82,35,32,80,70,51,79,79,82,47,37,88,27,99,65,59,54,38,25,87,75,26,22,74,65,82,24,86,76,20,87,54,48,29,68,63,49,90,88,58,84,40,87,91,26,47,77,79,28,84,89,65,99,96,84,43,91,70,66,25,50,99,98,95,83,24,91,26,51,71,38,88,33,65,24,20,56,41,87,87,85,94,37,34,84,26,59,90,93,92,72,73,24,84,59,26,71,65,93,24,30,88,31,49,51,39,53,62,64,34,35,96,87,75,37,56,50,87,20,80,53,45,25,97,50,24,51,38,91,24,25,22,27,75,28,85,74,50,53,52,64,49,95,45,32,43,58,93,46,73,54,28,58,43,65,44,43,33,94,36,87,33,23,75,48,62,64,36,85,60,53,58,37,82,25,51,76,100,28,70,46,24,50,71,100,63,43,49,98,88,29,96,33,79,91,68,37,37,53,63,32,33,73,70,91,53,88,96,76,65,100,24,98,48,42,86,55,22,44,87,33,99,87,62,95,95,40,54,92,93,47,36,94,21,85,67,72,100,97,81,20,22,49,22,28,42,82,51,72,77,85,59,54,54,57,32,35,50,67,78,46,74,67,86,77,24,40,95,64,63,77,76,79,43,63,86,50,27,32,89,100,87,65,30,92,28,78,62,70,23,98,55,25,41,21,54,80,71,82,30,59,88,38,74,59,20,20,43,60,73,22,94,37,45,36,20,70,96,39,29,37,42,55,32,100,36,42,87,45,39,81,82,73,20,44,88,61,99,55,99,67,86,43,87,69,99,44,85,79,39,97,56,97,73,94,99,87,57,90,58,64,69,93,75,45,95,79,95,84,78,49,78,48,35,64,67,39,51,40,86,38,58,44,55,78,94,82,25,86,96,72,53,45,68,38,22,39,83,50,65,34,72,99,89,23,43,73,42,71,39,24,84,52,33,72,59,77,93,76,96,25,25,51,47,99,64,27,46,62,37,72,60,78,90,80,44,33,74,51,72,23,49,48,94,33,60,60,93,53,46,99,37,30,76,92,44,32,62,93,72,92,59,84,74,96,47,36,94,66,95,71,22,82,66,68,62,74,87,55,86,45,83,49,27,74,96,22,73,50,47,82,87,23,69,92,67,40,40,48,63,51,32,88,39,75,29,66,87,49,24,57,92,61,91,67,27,25,61,61,65,73,88,94,46,83,25,94,64,88,45,82,79,36,77,44
84,69,42,98,73,97,98,87,85,84,98,48,52,36,88,96,38,78,78,69,23,54,37,93,25,62,96,77,29,71,44,91,72,22,42,33,21,57,55,97,81,82,70,74,100,43,90,58,83,82,89,91,54,81,82,84,85,33,46,38,31,62,49,88,41,77,57,85,34,24,77,21,94,51,31,73,92,31,57,37,91,78,41,39,74,47,40,71,24,59,100,78,82,35,95,92,63,78,27,57,62,59,40,28,43,60,51,45,33,63,71,37,30,62,100,30,93,78,48,47,86,67,54,45,67,91,22,59,91,33,25,54,27,27,96,65,57,57,78,59,23,57,54,75,51,45,66,39,40,35,79,26,52,34,75,89,30,53,41,33,71,82,22,73,53,96,75,40,82,24,44,48,49,30,80,51,23,35,35,64,37,61,23,28,90,52,66,52,54,48,82,87,44,48,100,21,59,81,71,29,88,59,24,22,78,60,42,42,38,49,67,59,61,62,100,28,51,69,73,53,29,76,72,43,71,55,66,84,69,59,66,73,35,71,86,33,39,35,26,37,60,81,54,58,86,59,92,72,31,37,28,70,81,95,94,69,43,68,60,85,42,53,26,25,94,34,91,86,81,72,65,34,97,96,100,28,99,81,39,68,88,82,84,74,81,81,43,97,24,98,84,29,71,27,70,47,44,25,93,23,57,92,71,28,61,98,49,45,48,50,78,26,53,60,90,79,35,63,45,86,98,85,31,26,52,42,91,90,86,43,34,22,79,64,71,41,77,43,55,98,63,66,91,81,56,73,50,93,27,62,56,58,91,95,27,87,20,70,85,44,41,85,82,81,49,38,84,35,66,94,55,95,60,74,63,96,76,51,59,28,69,21,43,56,23,30,99,79,57,93,71,30,66,50,26,32,31,98,97,60,43,63,73,81,48,90,49,53,53,90,92,95,68,49,28,34,89,29,25,79,23,42,100,46,41,40,56,100,56,26,95,92,40,50,79,33,46,40,39,35,34,89,31,46,57,73,36,57,58,53,83,46,79,70,41,70,89,83,53,93,69,38,82,40,24,86,22,66,27,42,21,41,78,35,85,68,50,75,44,90,43,95,37,57,22,79,93,27,65,82,93,93,69,28,92,51,82,27,73,92,24,96,99,63,35,65,90,35,56,69,72,83,47,60,34,47,48,92,30,48,76,82,75,72,36,87,32,80,74,33,89,37,53,39,29,48,48,28,56,55,39,34,100,51,47,56,76,78,64,94,93,59,66,44,28,62,71,33,59,64,56,69,67,92,26,80,100,71,53,46,39,54,49,26,63,30,54,63,66,49,82,37,67,49,77,90,35,74,62,84,92,78,74,74,43,75,55,71,30,34,100,21,98,52,48,65,32,86,61,63,91,70,71,65,65,86,80,97,99,68,73,89,20,85,63,89,75,76,99,21,58,78,20,26,86,56,21,67,86,51,93,38,66,98,31,83,54,96,99,74,31,99,52,62,31,35,97,92,87,92,75,95,84,81,75,67,71,72,62,71,85,45,52,96,48,90,81,31,46,21,40,26,48,81,42,42,64,46,64,93,28,94,72,56,90,49,81,69,20,34,40,33,74,43,42,100,47,68,21,30,22,35,63,65,58,72,62,89,94,30,66,79,89,35,88,46,22,31,75,71,83,54,45,22,43,22,70,26,47,59,61,22,77,61,88,84,76,57,52,50,78,59,73,69,78,100,64,71,24,21,99,20,77,85,66,76,52,63,92,72,31,92,91,62,63,56,95,86,95,97,63,90,66,97,31,57,26,87,31,49,26,57,47,100,27,52,86,27,75,99,47,55,41,94,53,73,36,39,91,51,20,52,49,51,92,60,62,42,29,74,57,78,51,47,38,36,98,43,23,30,30,41,98,54,89,46,57,99,26,40,84,42,87,97,65,57,97,42,92,31,23,93,47,24,46,92,71,46,70,29,33,66,49,76,96,98,74,27,48,85,69,99,96,81,66,78,30,44,100,34,81,82,81,36,98,85,34,76,53,64,88,88,40,63,80,31,39,55,69,83,74,44,58,64,54,45,27,50,24,66,71,84,47,63,26,46,75,49,36,31,83,95,36,42,82,71,40,92,49,78,52,58,98,43,78,95,27,63,57,71,49,76,91,87,90,27,50,28,92,58,29,65,40,89,26,91,51,45,64,65,31,46,34,84,62,55,55,62,90,48,54,33,89,60,94,83,34,25,37,82,89,73,32,62,83,91,74,37,74,72,62,24,51,77,98,31,46,21,86,71
